Abductors,Band Hip Abductions,Beginner,Resistance Band,,,
Abductors,Clam,Beginner,None,,,
Abductors,Fire Hydrant,Beginner,None,,,
Abductors,Floor Abductor,Beginner,None,,,
Abductors,Hip Abduction Cable,Beginner,Cable,,,
Abductors,Hip Circles (Prone),Beginner,None,,,
Abductors,Iliotibial Tract-Smr,Intermediate,Foam Roller,,,
Abductors,Side Leg Raise,Beginner,None,,,
Abductors,Stability Ball Banded Pull-apart Pulses,Beginner,"Elastic Bands, Stability Ball",,,
Abductors,Standing Hip Circles,Beginner,None,,,
Abductors,Thigh Abductor,Beginner,Machine,,,
Abductors,Windmills,Intermediate,None,,,
Abs,3/4 Sit-Up,Beginner,None,,,
Abs,Ab Rollouts,Intermediate,Ab Wheel,,,
Abs,Alternate Heel Touchers,Beginner,None,,,
Abs,Alternating Abdominal Kick,Intermediate,None,,,
Abs,Alternating Cable Twist,Beginner,Cable,,,
Abs,Angled Side Bridge,Beginner,None,,,
Abs,Ball Side Bend,Intermediate,Stability Ball,,,
Abs,Banded Hip Hinge Over the Shoulder Pull,Beginner,Resistance Band,,,
Abs,Barbell Ab Rollout - On Knees,Advanced,Barbell,,,
Abs,Barbell Push Crunch,Intermediate,Barbell,,,
Abs,Barbell Push Sit-up,Advanced,Barbell,,,
Abs,Barbell Rollout From Bench,Intermediate,Barbell,,,
Abs,Bent Knee Lying Twist,Intermediate,None,,,
Abs,Bent Knee Side Plank,Beginner,None,,,
Abs,Bicycle Crunches,Beginner,None,,,
Abs,Bird Dog,Intermediate,None,,,
Abs,Bosu Ball Cable Crunch With Side Bends,Beginner,"Bosu, Cable",,,
Abs,Butt-Ups,Beginner,None,,,
Abs,Cable Circles,Intermediate,Cable,,,
Abs,Cable Kneeling Crunch,Beginner,Cable,,,
Abs,Cable Lying Crunch Stability Ball,Beginner,Cable,,,
Abs,Cable Lying Leg Hip Raise,Intermediate,Cable,,,
Abs,Cable Oblique Twist,Beginner,Cable,,,
Abs,Cable Reverse Crunch,Beginner,Cable,,,
Abs,Cable Seated Crunch,Beginner,Cable,,,
Abs,Cable Standing Crunch,Beginner,Cable,,,
Abs,Cocoons,Beginner,None,,,
Abs,Crunch - Hands Overhead,Beginner,None,,,
Abs,Crunch Arms Crossed,Beginner,None,,,
Abs,Crunch Arms Down,Beginner,None,,,
Abs,Crunch Up,Beginner,None,,,
Abs,Dead Bug,Beginner,None,,,
Abs,Decline Oblique Twist,Beginner,None,,,
Abs,Decline Sit-up,Intermediate,Bench,,,
Abs,Dumbbell 45 Degree Side Bend,Beginner,Dumbbells,,,
Abs,Dumbbell Push Crunch,Intermediate,Dumbbells,,,
Abs,Dumbbell Push Sit-up,Intermediate,Dumbbells,,,
Abs,Dumbbell Toe Touch Crunch,Intermediate,Dumbbells,,,
Abs,Dumbbell V-Sit Cross Jab,Intermediate,Dumbbells,,,
Abs,Elbow To Knee,Beginner,None,,,
Abs,Exercise Ball Plank Twist,Intermediate,Stability Ball,,,
Abs,Floor Wiper,Beginner,None,,,
Abs,Flutter Kicks,Beginner,None,,,
Abs,Forearm Plank,Beginner,Dumbbells,,,
Abs,Gorilla Chin/Crunch,Intermediate,None,,,
Abs,Half V-up on Box,Beginner,Box,,,
Abs,Hanging Knee Raises,Intermediate,None,,,
Abs,Hanging Leg Hip Raise,Advanced,None,,,
Abs,Hanging Leg Lift,Advanced,None,,,
Abs,Hanging Oblique Knee Raise,Advanced,None,,,
Abs,Hanging Wind Sprints,Intermediate,None,,,
Abs,Hollow Hold,Intermediate,None,,,
Abs,Hollow Rocks,Intermediate,None,,,
Abs,Incline Crunch,Beginner,Bench,,,
Abs,Incline Leg Hip Raise,Beginner,Bench,,,
Abs,Incline Twisting Crunch,Intermediate,Bench,,,
Abs,Incline Twisting Sit-up,Intermediate,Bench,,,
Abs,Jack Knives with Med Ball Balance,Intermediate,Medicine Ball,,,
Abs,Jackknife Sit-up,Beginner,None,,,
Abs,Kipping Toes To Bar,Intermediate,Pull-up Bar,,,
Abs,Kneeling Cable Crunch With Alternating Oblique Twists,Beginner,Cable,,,
Abs,Kneeling Oblique Twist,Beginner,Cable,,,
Abs,L Hang,Advanced,Pull-up Bar,,,
Abs,Leg Raise Pulse-up with Tension Drop,Intermediate,Bench,,,
Abs,Leg Raise with Pulse Up,Advanced,Bench,,,
Abs,Lying Leg Hip Raise,Beginner,None,,,
Abs,Lying Leg Raises,Beginner,None,,,
Abs,Lying Twist,Intermediate,None,,,
Abs,Machine Abdominal Crunch,Intermediate,Machine,,,
Abs,Medicine Ball Floor Crunch,Beginner,Medicine Ball,,,
Abs,Medicine Ball Rotary Throw w Crossover Step,Advanced,Medicine Ball,,,
Abs,Medicine Ball Sit-up,Intermediate,Medicine Ball,,,
Abs,Oblique Cable Crunch,Intermediate,Cable,,,
Abs,Oblique Crunch With Plate or Dumbbell,Beginner,Weight Plate,,,
Abs,Oblique Crunches,Beginner,None,,,
Abs,Otis-Up,Beginner,Weight Plate,,,
Abs,Palloff Press,Beginner,Cable,,,
Abs,Plate Twist,Intermediate,Weight Plate,,,
Abs,Pulse-up with Medicine Ball,Intermediate,"Bench, Medicine Ball",,,
Abs,Push Pull Combo,Intermediate,None,,,
Abs,Resistaband Hi-Lo Twist,Intermediate,Resistance Band,,,
Abs,Reverse Crunch Advanced,Advanced,None,,,
Abs,Rope Crunch,Beginner,Cable,,,
Abs,Russian Twist With Medicine Ball,Beginner,Medicine Ball,,,
Abs,Russian Twists,Beginner,None,,,
Abs,Russian Twists with Medicine Ball Arms Extended,Beginner,Medicine Ball,,,
Abs,Seated Flat Bench Leg Pull-In,Beginner,None,,,
Abs,Side Bridge,Beginner,None,,,
Abs,Side Crunch,Intermediate,Stability Ball,,,
Abs,Side Plank Hip Ups With Arm Up,Beginner,None,,,
Abs,Single-Arm High-Pulley Cable Side Bends,Beginner,Cable,,,
Abs,Single-Arm Medicine Ball Slam,Beginner,Medicine Ball,,,
Abs,Sit-up,Beginner,None,,,
Abs,Sit-up And Throw,Beginner,Stability Ball,,,
Abs,Sledgehammer Swings,Beginner,Other,,,
Abs,Smith Machine Hip Raise,Beginner,Smith Machine,,,
Abs,Spell Caster,Beginner,Dumbbells,,,
Abs,Spiderman Planks,Intermediate,None,,,
Abs,Stability Ball Ab Transfer Double Taps,Intermediate,Stability Ball,,,
Abs,Stability Ball Ab-hold Toe Taps,Intermediate,Stability Ball,,,
Abs,Stability Ball Crunch,Intermediate,Stability Ball,,,
Abs,Stability Ball Pass,Intermediate,Medicine Ball,,,
Abs,Stability Ball Pull-In,Intermediate,Stability Ball,,,
Abs,Stability Ball Rollout,Beginner,Stability Ball,,,
Abs,Standing Cable Anti-Rotation Chop,Beginner,Cable,,,
Abs,Standing Knee to Elbow Crunch,Beginner,None,,,
Abs,Stomach Vacuum,Beginner,None,,,
Abs,Suitcase Crunches,Beginner,None,,,
Abs,Suspended Fallout,Intermediate,TRX,,,
Abs,Suspended TRX Jack Knife,Beginner,None,,,
Abs,Suspended TRX Pull Through,Intermediate,TRX,,,
Abs,Suspended TRX Rollout,Intermediate,TRX,,,
Abs,Suspended TRX Side Bend,Intermediate,TRX,,,
Abs,Suspended TRX Side Bridge,Intermediate,TRX,,,
Abs,Suspended TRX Twist,Intermediate,TRX,,,
Abs,Toe Driver,Beginner,None,,,
Abs,Toe Touch Crunches,Beginner,None,,,
Abs,Toes to Bar,Advanced,Pull-up Bar,,,
Abs,Twisting Crunch,Intermediate,None,,,
Abs,Twisting Sit-up,Beginner,None,,,
Abs,Up and Down Plank,Intermediate,None,,,
Abs,V-Ups Toe Touches,Beginner,None,,,
Abs,Vertical Leg Hip Raise,Intermediate,None,,,
Abs,Vertical Straight Leg Raise,Intermediate,None,,,
Abs,Weight Plate Behind Head Crunch,Beginner,Weight Plate,,,
Abs,Weight Plate Behind Head Crunch on Bench,Intermediate,"Bench, Weight Plate",,,
Abs,Weighted Crunches,Beginner,Weight Plate,,,
Abs,Weighted Incline Leg Hip Raise,Beginner,None,,,
Abs,Weighted Incline Twisting Crunch,Intermediate,Stability Ball,,,
Abs,Weighted Leg Hip Raise,Beginner,None,,,
Abs,Weighted Russian Twist on Ball,Beginner,Medicine Ball,,,
Abs,Weighted Side Crunch,Intermediate,Stability Ball,,,
Abs,Weighted Side Crunch On Ball,Intermediate,Stability Ball,,,
Abs,Weighted Sit-up - With Bands,Intermediate,Resistance Band,,,
Abs,Weighted Twisting Ball Crunch,Intermediate,Stability Ball,,,
Abs,Weighted Twisting Crunch,Intermediate,Weight Plate,,,
Abs,Weighted Vertical Leg Hip Raise,Intermediate,None,,,
Adductors,Adduction Leg Lift,Beginner,None,,,
Adductors,Band Hip Adductions,Beginner,Resistance Band,,,
Adductors,Cable Hip Adductors,Beginner,Cable,,,
Adductors,Cable Lying Hip Adduction,Beginner,Cable,,,
Adductors,Cossack Squat,Beginner,None,,,
Adductors,Hip Adduction Cable,Beginner,Cable,,,
Adductors,Suspended TRX Adductor Lunge,Intermediate,TRX,,,
Adductors,Thigh Adductor,Beginner,Machine,,,
Biceps,21s,Intermediate,Barbell,,,
Biceps,Alternate Incline Dumbbell Curl,Beginner,Dumbbells,,,
Biceps,Alternating Hammer Curls,Beginner,Dumbbells,,,
Biceps,Barbell Bicep Curl EZ-Curl Bar,Beginner,Barbell,,,
Biceps,Barbell Bicep Curl Straight Bar,Beginner,Barbell,,,
Biceps,Barbell Curls Against Wall,Beginner,Barbell,,,
Biceps,Barbell Curls Lying Against An Incline,Beginner,Barbell,,,
Biceps,Barbell Drag Curl,Intermediate,Barbell,,,
Biceps,Barbell Spider Curls,Beginner,Barbell,,,
Biceps,Biceps Curl To Shoulder Press,Intermediate,Dumbbells,,,
Biceps,Cable Bicep Curl Individual Arms Simultaneously,Beginner,Cable,,,
Biceps,Cable Single-Arm Curl,Intermediate,Cable,,,
Biceps,Close Grip Straight Bar Bicep Curl,Beginner,Barbell,,,
Biceps,Close-Grip Ez Bar Curl,Beginner,Barbell,,,
Biceps,Cross Body Hammer Curl,Beginner,Dumbbells,,,
Biceps,Dumbbell Bicep Curl Alternating,Beginner,Dumbbells,,,
Biceps,Dumbbell Bicep Curl Over Incline Bench,Beginner,Dumbbells,,,
Biceps,Dumbbell Bicep Curl Simultaneous,Beginner,Dumbbells,,,
Biceps,Dumbbell Concentration Curl,Beginner,Dumbbells,,,
Biceps,Dumbbell Incline Curl,Beginner,Dumbbells,,,
Biceps,Dumbbell Spider Curl,Intermediate,Dumbbells,,,
Biceps,Flexor Incline Dumbbell Curls,Beginner,Dumbbells,,,
Biceps,High Cable Curls,Intermediate,None,,,
Biceps,Incline Inner Biceps Curl,Beginner,"Bench, Dumbbells",,,
Biceps,Lying Cable Curl,Intermediate,Cable,,,
Biceps,Lying Supine Dumbbell Curl,Beginner,Dumbbells,,,
Biceps,Machine Bicep Curl,Beginner,None,,,
Biceps,Outward Facing Cable Curl,Beginner,None,,,
Biceps,Overhead Cable Curl,Intermediate,Cable,,,
Biceps,Preacher Curls,Beginner,Machine,,,
Biceps,Preacher Hammer Dumbbell Curl,Beginner,Dumbbells,,,
Biceps,Pyramid Bicep Curls,Beginner,Cable,,,
Biceps,Reverse Barbell Preacher Curls,Intermediate,Barbell,,,
Biceps,Reverse Grip Barbell Bicep curls,Beginner,Barbell,,,
Biceps,Reverse Grip Cable Bicep Curls,Beginner,Cable,,,
Biceps,Rope Cable Hammer Curls,Beginner,Cable,,,
Biceps,Seated Close-Grip Concentration Barbell Curl,Intermediate,Barbell,,,
Biceps,Seated Dumbbell Curl,Beginner,Dumbbells,,,
Biceps,Simultaneous Hammer Curls,Beginner,Dumbbells,,,
Biceps,Single Leg Bicep Curl,Intermediate,Dumbbells,,,
Biceps,Single-Arm Dumbbell Preacher Curl,Beginner,Dumbbells,,,
Biceps,Sitting Single Arm Bicep Curl,Beginner,Dumbbells,,,
Biceps,Standing Concentration Curl,Beginner,Dumbbells,,,
Biceps,Standing Dumbbell Reverse Curl,Intermediate,Dumbbells,,,
Biceps,Straight Bar Bicep Cable Curls,Beginner,Cable,,,
Biceps,Two-Arm Dumbbell Preacher Curl,Beginner,Dumbbells,,,
Biceps,Wide Bicep Curls,Beginner,None,,,
Biceps,Zottman Curls,Intermediate,Dumbbells,,,
Calves,Barbell Seated Calf Raises,Beginner,Barbell,,,
Calves,Calf Press,Beginner,Machine,,,
Calves,Calf Press on Leg Press,Beginner,Machine,,,
Calves,Dumbbell Seated Calf Raises,Beginner,Dumbbells,,,
Calves,Rocking Standing Calf Raise,Beginner,Barbell,,,
Calves,Seated Calf Raises Machine,Beginner,Machine,,,
Calves,Single Leg Calf Raise,Beginner,None,,,
Calves,Standing Barbell Calf Raise,Beginner,Barbell,,,
Calves,Standing Calf Raises,Beginner,Machine,,,
Calves,Standing Calf Raises Smith Machine,Beginner,Smith Machine,,,
Calves,Standing Dumbbell Calf Raise,Intermediate,Dumbbells,,,
Cardio,Elliptical Machine,Intermediate,Machine,,,
Cardio,Jog In Place,Beginner,None,,,
Cardio,Rowing Machine,Beginner,Machine,,,
Cardio,SkiErg,Beginner,Machine,,,
Cardio,Stair Stepper,Beginner,Machine,,,
Cardio,Stationary Bicycle (Bike),Beginner,Machine,,,
Cardio,Treadmill Jogging,Beginner,Machine,,,
Cardio,Treadmill Running,Beginner,Machine,,,
Cardio,Treadmill Running Incline,Beginner,Machine,,,
Cardio,Treadmill Walking,Beginner,Machine,,,
Cardio,Treadmill Walking Incline,Beginner,Machine,,,
Cardio,VersaClimber,Beginner,Machine,,,
Cardio,Wall Push Running,Beginner,None,,,
Chest,Barbell Bench Press,Beginner,Barbell,,,
Chest,Barbell Close Grip Incline Bench Press,Beginner,Barbell,,,
Chest,Bench Press - Powerlifting Form,Intermediate,Barbell,,,
Chest,Bodyweight Flyes,Intermediate,Barbell,,,
Chest,Bosu Push-ups,Intermediate,Bosu,,,
Chest,Butterfly,Beginner,Machine,,,
Chest,Cable Chest Fly,Intermediate,Cable,,,
Chest,Cable Chest Press and Twist,Beginner,Cable,,,
Chest,Cable Crossover,Beginner,Cable,,,
Chest,Cable Iron Cross,Beginner,Cable,,,
Chest,Cable Low Chest Raise,Beginner,Cable,,,
Chest,Chest Dumbbell Flyes,Beginner,Dumbbells,,,
Chest,Chest Press Machine,Beginner,Machine,,,
Chest,Chest Push (Multiple Response),Beginner,Medicine Ball,,,
Chest,Close Position Push-ups,Intermediate,None,,,
Chest,Cross Over - With Bands,Beginner,Resistance Band,,,
Chest,Cross Over Box Press Up,Intermediate,None,,,
Chest,Decline Dumbbell Flyes,Beginner,Dumbbells,,,
Chest,Deficit Push-ups on Dumbbells,Advanced,Dumbbells,,,
Chest,Dive Bomb Push-ups,Intermediate,None,,,
Chest,Drop Push,Intermediate,Other,,,
Chest,Dumbbell Bench Press,Beginner,Dumbbells,,,
Chest,Dumbbell Bench Press With Neutral Grip,Beginner,Dumbbells,,,
Chest,Dumbbell Decline Bench Press,Beginner,Dumbbells,,,
Chest,Dynamic Push-ups,Intermediate,None,,,
Chest,Elevated Medicine Ball Push-ups,Intermediate,Medicine Ball,,,
Chest,Exercise Ball Push-ups,Intermediate,Stability Ball,,,
Chest,Explosive Plyo Push-ups,Advanced,None,,,
Chest,Hammer Grip Incline Db Bench Press,Beginner,Dumbbells,,,
Chest,Hand Release Push-ups,Intermediate,None,,,
Chest,Hover Glides,Advanced,None,,,
Chest,Incline Barbell Bench Press,Beginner,Barbell,,,
Chest,Incline Cable Chest Press,Beginner,Cable,,,
Chest,Incline Cable Flyes,Intermediate,Cable,,,
Chest,Incline Dumbbell Flyes - With A Twist,Beginner,Dumbbells,,,
Chest,Incline Dumbbell Flys,Beginner,Dumbbells,,,
Chest,Incline Dumbbell Press,Beginner,Dumbbells,,,
Chest,Incline Dumbbell Press Reverse-Grip,Intermediate,Dumbbells,,,
Chest,Incline Dumbbell Press With Palms Facing In,Beginner,Dumbbells,,,
Chest,Incline Push-ups Depth Jump,Beginner,Box,,,
Chest,Incline Push-ups on Bench,Beginner,None,,,
Chest,Incline Push-ups on Stepper Platform,Beginner,None,,,
Chest,Incline Push-ups Using Bar,Beginner,None,,,
Chest,Kettlebell Pullover,Beginner,None,,,
Chest,Kneeling Push-ups,Beginner,None,,,
Chest,Leverage Decline Chest Press,Beginner,Machine,,,
Chest,Lunge And Chest Press,Intermediate,Cable,,,
Chest,Medicine Ball Push-ups,Advanced,None,,,
Chest,Pec Fly Machine,Beginner,Machine,,,
Chest,Plyo Kettlebell Push-ups,Advanced,Kettlebell,,,
Chest,Push-Ups,Beginner,None,,,
Chest,Push-ups Jacks,Advanced,None,,,
Chest,Push-ups on Bar,Beginner,Barbell,,,
Chest,Push-ups With Feet Elevated,Beginner,None,,,
Chest,Push-ups with Feet on Stability Ball,Intermediate,Stability Ball,,,
Chest,Seated Cable Chest Press,Beginner,Cable,,,
Chest,Serratus Shrug,Intermediate,Equalizer,,,
Chest,Single-Arm Cable Crossover,Beginner,Cable,,,
Chest,Single-Arm Dumbbell Bench Press,Beginner,Dumbbells,,,
Chest,Single-Arm Push-Up,Advanced,None,,,
Chest,Smith Bench Press,Beginner,Smith Machine,,,
Chest,Smith Decline Bench Press,Intermediate,Smith Machine,,,
Chest,Smith Machine Incline Bench Press,Beginner,Smith Machine,,,
Chest,Smith Machine Push-ups,Beginner,Smith Machine,,,
Chest,Stability Ball Dumbbell Bench Press,Intermediate,Stability Ball,,,
Chest,Standing Cable Chest Press,Beginner,Cable,,,
Chest,Standing Cable Chest Press Wide Finish,Beginner,Cable,,,
Chest,Standing Cable Decline Chest Press,Beginner,Cable,,,
Chest,Straight-Arm Barbell Pullover,Beginner,Barbell,,,
Chest,Straight-Arm Dumbbell Pullover,Intermediate,Dumbbells,,,
Chest,Suspended TRX Chest Dip,Advanced,TRX,,,
Chest,Suspended TRX Chest Fly,Intermediate,TRX,,,
Chest,Suspended TRX Chest Press,Intermediate,TRX,,,
Chest,TRX Push-ups,Advanced,TRX,,,
Chest,Wide Position Push-ups,Beginner,None,,,
Chest,Wide-Grip Decline Barbell Bench Press,Intermediate,Barbell,,,
Core,Advanced Kettlebell Windmill,Intermediate,Kettlebell,,,
Core,Alternating Reverse Crunch with Toe Touch,Intermediate,None,,,
Core,Cable Horizontal Twist High to Low,Intermediate,Cable,,,
Core,Core Kickouts,Beginner,None,,,
Core,Front Leg Raises,Beginner,None,,,
Core,Incline Plank,Beginner,None,,,
Core,Kettlebell Windmill,Intermediate,Kettlebell,,,
Core,Landmine Oblique Twist,Intermediate,Barbell,,,
Core,Landmine Windshield Wiper,Intermediate,"Barbell, Landmine",,,
Core,Pull-up Bar Windshield Wipers,Advanced,Pull-up Bar,,,
Core,Rotational Throw,Beginner,Medicine Ball,,,
Core,Side Hip Balance Jack Knives with Mini Ball,Intermediate,Medicine Ball,,,
Core,Side Hip Balance Mini Ball Slide,Beginner,Medicine Ball,,,
Core,Side Kickouts,Advanced,None,,,
Core,Side Plank Elbow to Knee Elbow to Wrist,Intermediate,None,,,
Core,Side Plank Forward Toe Reach,Intermediate,None,,,
Core,Side Plank Hip Ups,Beginner,None,,,
Core,Side Plank Overhead Toe Reach,Intermediate,None,,,
Core,Side to Side Wall Balls,Intermediate,Medicine Ball,,,
Core,X-Mountain Climbers,Intermediate,None,,,
Forearms,Barbell Wrist Curls,Beginner,Barbell,,,
Forearms,Dumbbell Lying Pronation,Intermediate,Dumbbells,,,
Forearms,Dumbbell Lying Supination,Intermediate,Dumbbells,,,
Forearms,Finger Curls,Beginner,Barbell,,,
Forearms,Palms-Down Dumbbell Wrist Curl Over A Bench,Beginner,Dumbbells,,,
Forearms,Palms-Down Wrist Curl Over A Bench,Beginner,Dumbbells,,,
Forearms,Palms-Up Barbell Wrist Curl Over A Bench,Beginner,Barbell,,,
Forearms,Palms-Up Dumbbell Wrist Curl Over A Bench,Beginner,Dumbbells,,,
Forearms,Plate Pinch,Intermediate,Weight Plate,,,
Forearms,Seated Dumbbell Palms-Down Wrist Curl,Beginner,Dumbbells,,,
Forearms,Seated Palm-Up Barbell Wrist Curl,Beginner,Barbell,,,
Forearms,Seated Palms-Down Barbell Wrist Curl,Beginner,Barbell,,,
Forearms,Seated Single-Arm Dumbbell Palms-Down Wrist Curl,Intermediate,Dumbbells,,,
Forearms,Seated Two-Arm Palms-Up Low-Pulley Wrist Curl,Beginner,Cable,,,
Forearms,Standing Olympic Plate Hand Squeeze,Beginner,Weight Plate,,,
Forearms,Standing Palms-Up Barbell Behind The Back Wrist Curl,Beginner,Barbell,,,
Forearms,Wrist Rotations With Straight Bar,Beginner,Barbell,,,
Glutes,Banded Hip Hinge Over the Shoulder,Beginner,Resistance Band,,,
Glutes,Banded Hip Hinge with Kettlebell Deadlift,Intermediate,"Kettlebell, Resistance Band",,,
Glutes,Banded Kettlebell Swings,Advanced,None,,,
Glutes,Barbell Glute Bridge,Intermediate,Barbell,,,
Glutes,Barbell Hip Thrust,Intermediate,Barbell,,,
Glutes,Cable Glute Kickback,Intermediate,Cable,,,
Glutes,Dumbbell Glute Bridge,Intermediate,Dumbbells,,,
Glutes,Glute Bridge,Beginner,None,,,
Glutes,Glute Cable Kickbacks - Push emphasis,Intermediate,None,,,
Glutes,Glute Kickback,Beginner,None,,,
Glutes,Hip Extension Cable,Intermediate,Cable,,,
Glutes,Hip Thrust,Intermediate,Barbell,,,
Glutes,Hip Thrusters on Stability Ball,Intermediate,Stability Ball,,,
Glutes,Kettlebell Deadlifts,Intermediate,Kettlebell,,,
Glutes,Kettlebell Hip Hinge Drill,Beginner,Kettlebell,,,
Glutes,Kettlebell Twisting Hip Hinge,Advanced,Kettlebell,,,
Glutes,Kneeling Squat,Advanced,Barbell,,,
Glutes,Rainbow,Intermediate,None,,,
Glutes,Resistance Band Deadlift,Intermediate,Resistance Band,,,
Glutes,Reverse Bench Glute Lift,Intermediate,Bench,,,
Glutes,Single Leg Glute Bridge,Beginner,None,,,
Glutes,Stability Ball Banded Prone Heel Drives,Intermediate,Stability Ball,,,
Glutes,Standing Glute Kickback,Beginner,None,,,
Glutes,Straight Leg Glute Kickback,Beginner,None,,,
Glutes,Straight Leg Glute Raise,Intermediate,None,,,
Glutes,TRX Glute Raise,Intermediate,TRX,,,
Glutes,Weighted Donkey Kicks,Intermediate,Dumbbells,,,
Hamstrings,Ankle Weight Leg Curl,Beginner,None,,,
Hamstrings,Ball Leg Curls,Beginner,Stability Ball,,,
Hamstrings,Band Good Morning (Pull Through),Beginner,Resistance Band,,,
Hamstrings,Barbell Deadlift,Intermediate,Barbell,,,
Hamstrings,Barbell Good Mornings,Intermediate,Barbell,,,
Hamstrings,Barbell Romanian Deadlift,Intermediate,Barbell,,,
Hamstrings,Barbell Stiff-Legged Deadlifts,Intermediate,Barbell,,,
Hamstrings,Clean,Advanced,Barbell,,,
Hamstrings,Clean Deadlift,Intermediate,Barbell,,,
Hamstrings,Double Suitcase Single Leg Deadlift,Intermediate,Kettlebell,,,
Hamstrings,Dumbbell Clean,Intermediate,Dumbbells,,,
Hamstrings,Dumbbell Deadlift,Intermediate,Dumbbells,,,
Hamstrings,Dumbbell Hamstring Curl,Beginner,Dumbbells,,,
Hamstrings,Dumbbell Romanian Deadlift,Intermediate,Dumbbells,,,
Hamstrings,Dumbbell Straight Leg Deadlift,Intermediate,Dumbbells,,,
Hamstrings,Floor Glute-Ham Raise,Intermediate,None,,,
Hamstrings,Hamstring Curls on Stability Ball,Beginner,Machine,,,
Hamstrings,Hamstring Curls With Stability Ball (Easy Version),Beginner,Stability Ball,,,
Hamstrings,Hang Power Snatch Overhead,Advanced,None,,,
Hamstrings,Kettlebell Single-Leg Deadlift,Intermediate,Kettlebell,,,
Hamstrings,Kettlebell Suitcase Deadlift,Intermediate,Kettlebell,,,
Hamstrings,Kettlebell Sumo Deadlift,Intermediate,Kettlebell,,,
Hamstrings,Kettlebell Swing,Intermediate,Kettlebell,,,
Hamstrings,Lunge Pass Through,Intermediate,Kettlebell,,,
Hamstrings,Lying Hamstring Curl Machine,Beginner,Machine,,,
Hamstrings,Mobility Mountain Climbers,Beginner,None,,,
Hamstrings,Romanian Deadlift From Deficit,Intermediate,Barbell,,,
Hamstrings,Romanian Deadlift With Kettlebell,Intermediate,Kettlebell,,,
Hamstrings,Seated Hamstring Curl Machine,Beginner,Machine,,,
Hamstrings,Single Leg Dumbbell Deadlift,Intermediate,Dumbbells,,,
Hamstrings,Single-Arm Kettlebell Clean,Advanced,Kettlebell,,,
Hamstrings,Single-Arm Kettlebell Swings,Intermediate,Kettlebell,,,
Hamstrings,Snatch Deadlift,Intermediate,Barbell,,,
Hamstrings,Standing Leg Curls Cable,Beginner,Cable,,,
Hamstrings,Stiff Leg Power Clean,Advanced,Barbell,,,
Hamstrings,Stiff Leg Snatch,Advanced,Barbell,,,
Hamstrings,Sumo Deadlift,Intermediate,Barbell,,,
Hamstrings,Suspended TRX Hamstring Runner,Intermediate,TRX,,,
Hamstrings,Suspended TRX Hyperextension,Intermediate,TRX,,,
Hamstrings,Suspended TRX Leg Curls,Intermediate,TRX,,,
Hamstrings,Suspended TRX Straight Hip Leg Curls,Intermediate,TRX,,,
Hamstrings,TRX Hamstring Curls,Intermediate,TRX,,,
Hamstrings,Wheel Leg Curls,Intermediate,Ab Wheel,,,
Hamstrings,Wide Stance Stiff-Legged Deadlift,Intermediate,Barbell,,,
Hamstrings,Wide Straight Leg Kettlebell Deadlifts,Intermediate,None,,,
Lats Back,Assisted Pull-ups,Beginner,Machine,,,
Lats Back,Bent-Arm Barbell Pullover,Intermediate,Barbell,,,
Lats Back,Bent-Arm Dumbbell Pullover,Intermediate,Dumbbells,,,
Lats Back,Body Weight Supine Row on Hips,Beginner,Barbell,,,
Lats Back,Cable Kneeling Lat Pulldown,Beginner,Cable,,,
Lats Back,Cable Seated Lat Pushdown,Beginner,Cable,,,
Lats Back,Chin-ups,Intermediate,Pull-up Bar,,,
Lats Back,Crunches,Intermediate,Balance Ball,,,
Lats Back,Dumbbell Pullovers on Stability Ball,Intermediate,Dumbbells,,,
Lats Back,Gironda Sternum Chins,Intermediate,Pull-up Bar,,,
Lats Back,Kipping Pull-ups,Intermediate,Pull-up Bar,,,
Lats Back,Kneeling Crossover Cable Reverse Fly,Intermediate,Cable,,,
Lats Back,L Pull-ups,Advanced,Pull-up Bar,,,
Lats Back,Lat Pulldown Machine,Beginner,Machine,,,
Lats Back,Muscle Up,Advanced,Pull-up Bar,,,
Lats Back,Neutral-Grip Pull Ups,Intermediate,None,,,
Lats Back,Overhand Close-Grip Lat Pulldown,Beginner,Cable,,,
Lats Back,Overhand Medium-Grip Lat Pulldown,Beginner,Cable,,,
Lats Back,Overhand Wide-Grip Lat Pulldown,Beginner,Cable,,,
Lats Back,Prisoner Pull-ups,Intermediate,Pull-up Bar,,,
Lats Back,Pull-ups,Intermediate,Pull-up Bar,,,
Lats Back,Rocky Pull-ups/Pulldowns,Intermediate,Pull-up Bar,,,
Lats Back,Rope Straight-Arm Pulldown,Beginner,Cable,,,
Lats Back,Shotgun Row,Beginner,Cable,,,
Lats Back,Side To Side Chins,Intermediate,Pull-up Bar,,,
Lats Back,Single Arm Lat Pulldowns,Beginner,Cable,,,
Lats Back,Single Side Lat Pulldown,Beginner,Cable,,,
Lats Back,Straight Bar Lat Pushdowns,Beginner,Cable,,,
Lats Back,Straight-Arm Pulldown,Beginner,Cable,,,
Lats Back,TRX Straight-Arm Lat Pulldown,Advanced,TRX,,,
Lats Back,Underhand Cable Pulldowns,Beginner,Cable,,,
Lats Back,Underhand Close-Grip Lat Pulldown,Beginner,Cable,,,
Lats Back,Underhand Medium-Grip Lat Pulldown,Beginner,Cable,,,
Lats Back,Upper Back Machine,Beginner,Machine,,,
Lats Back,V-Bar Lat Pulldown,Beginner,Cable,,,
Lats Back,V-Bar Pull-ups,Intermediate,Pull-up Bar,,,
Lats Back,Wide-grip Pull-ups,Intermediate,Pull-up Bar,,,
Lats Back,Wide-Grip Rear Pull-ups,Intermediate,Pull-up Bar,,,
Lats Back,X Pull Down,Intermediate,Cable,,,
Lower Back,Alternating Supermans,Beginner,None,,,
Lower Back,Back Extension On Stability Ball,Intermediate,Stability Ball,,,
Lower Back,Back Extensions 45 Degree Arms Crossed,Beginner,Machine,,,
Lower Back,Back Extensions 45 Degree Arms Outstretched,Beginner,Machine,,,
Lower Back,Back Extensions 45 Degree with Weight,Intermediate,"Machine, Weight Plate",,,
Lower Back,Barbell Seated Good Mornings,Intermediate,Barbell,,,
Lower Back,Deadlift With Bands,Advanced,Barbell,,,
Lower Back,Deadlift With Chains,Advanced,Barbell,,,
Lower Back,Deficit Deadlift,Intermediate,Barbell,,,
Lower Back,Rack Pulls,Intermediate,Barbell,,,
Lower Back,Stability Ball Banded Reverse Hypertensions,Intermediate,"Elastic Bands, Stability Ball",,,
Lower Back,Supermans,Beginner,None,,,
Middle Back,1/2 Kneeling Row,Beginner,Cable,,,
Middle Back,Alternating Renegade Row,Advanced,Kettlebell,,,
Middle Back,Barbell Close Grip Bent over Row,Intermediate,Barbell,,,
Middle Back,Bent Over Barbell Row,Beginner,Barbell,,,
Middle Back,Bent Over Single-Arm Long Bar Row,Beginner,Barbell,,,
Middle Back,Bent Over Two-Arm Long Bar Row,Intermediate,Barbell,,,
Middle Back,Bent Over Two-Dumbbell Row With Palms In,Beginner,Dumbbells,,,
Middle Back,Bodyweight Mid Row,Advanced,Pull-up Bar,,,
Middle Back,Cable Bent Over Row,Intermediate,Cable,,,
Middle Back,Cable Lunge and Row,Intermediate,Cable,,,
Middle Back,Cable Seated High Row,Beginner,Cable,,,
Middle Back,Cable Single-Arm Bent Over Row,Intermediate,Cable,,,
Middle Back,Cable Single-Arm Seated Row,Intermediate,Cable,,,
Middle Back,Cable Single-Arm Standing Row,Beginner,Cable,,,
Middle Back,Double Kettlebell Row,Beginner,Kettlebell,,,
Middle Back,Dumbbell Bent Over Row,Beginner,Dumbbells,,,
Middle Back,Dumbbell Lying Row,Intermediate,Dumbbells,,,
Middle Back,Elevated TRX Row,Advanced,TRX,,,
Middle Back,Hanging Row,Intermediate,None,,,
Middle Back,Inverted Row,Beginner,None,,,
Middle Back,Inverted Row with Feet Elevated,Beginner,Smith Machine,,,
Middle Back,Landmine Row,Intermediate,Barbell,,,
Middle Back,Landmine Single Arm Row,Intermediate,"Barbell, Landmine",,,
Middle Back,Machine Low Row,Beginner,Machine,,,
Middle Back,Machine Row,Beginner,Machine,,,
Middle Back,Man Maker,Intermediate,Dumbbells,,,
Middle Back,Middle Back Shrug,Intermediate,Dumbbells,,,
Middle Back,Mixed Grip Chin-up,Intermediate,Pull-up Bar,,,
Middle Back,One Arm Kettlebell Row Parallel Stance,Intermediate,Kettlebell,,,
Middle Back,Pendlay Row,Intermediate,Barbell,,,
Middle Back,Resistance Band Squat And Row,Intermediate,Resistance Band,,,
Middle Back,Reverse Grip Bent-Over Rows,Intermediate,Barbell,,,
Middle Back,Seated Cable Row,Beginner,Cable,,,
Middle Back,Seated Low Row Close Grip,Beginner,Cable,,,
Middle Back,Seated Low Row Wide Grip,Beginner,Cable,,,
Middle Back,Seated on Floor Cable Row,Beginner,Cable,,,
Middle Back,Seated Row - Close Grip,Intermediate,Cable,,,
Middle Back,Seated Row - Wide Grip,Beginner,Cable,,,
Middle Back,Single-Arm Kettlebell Row Split Stance,Intermediate,Kettlebell,,,
Middle Back,Single-Arm Long Bar Row,Beginner,Barbell,,,
Middle Back,Smith Bent Over row,Beginner,Smith Machine,,,
Middle Back,Standing Cable Rope Row,Intermediate,Cable,,,
Middle Back,Standing Low Cable Row,Beginner,Cable,,,
Middle Back,Standing_Resistance_Band_Row,Beginner,Resistance Band,,,
Middle Back,Suspended TRX Bent Knee Inverted row,Beginner,TRX,,,
Middle Back,Suspended TRX Inverted row,Beginner,TRX,,,
Middle Back,Suspended TRX Row,Beginner,TRX,,,
Middle Back,T-bar row,Intermediate,Barbell,,,
Middle Back,T-Bar Row Platform,Intermediate,Machine,,,
Middle Back,TRX Single Arm Back Row with Rotation,Intermediate,TRX,,,
Middle Back,Wide Grip Low Row,Beginner,Cable,,,
Miscellaneous,Ball Wall Burpees,Intermediate,Stability Ball,,,
Miscellaneous,Bear Crawl,Beginner,None,,,
Miscellaneous,Burp n Jack,Intermediate,None,,,
Miscellaneous,Burpee,Intermediate,None,,,
Miscellaneous,Burpee Box Jump,Advanced,None,,,
Miscellaneous,Burpee Curl and Press,Advanced,Dumbbells,,,
Miscellaneous,Butt Kicks,Beginner,None,,,
Miscellaneous,Cable Squat and Row,Intermediate,Cable,,,
Miscellaneous,Cat Camel,Beginner,None,,,
Miscellaneous,Duck and Dodge,Intermediate,None,,,
Miscellaneous,Farmer Walk,Intermediate,Dumbbells,,,
Miscellaneous,Groiner,Intermediate,None,,,
Miscellaneous,High Knee Toe Taps,Intermediate,None,,,
Miscellaneous,High Knees,Beginner,None,,,
Miscellaneous,Inchworms with Push-ups,Beginner,None,,,
Miscellaneous,Jumping Jacks,Beginner,None,,,
Miscellaneous,Jumping Rope,Intermediate,Other,,,
Miscellaneous,Kettlebell High Pull,Intermediate,Kettlebell,,,
Miscellaneous,Lateral Hop on Bench,Intermediate,None,,,
Miscellaneous,Modified Burpee with Hammer Curl To Press,Advanced,Dumbbells,,,
Miscellaneous,Sandbag Front Squat to Press,Beginner,Other,,,
Miscellaneous,Shoulder Tap Drill,Intermediate,None,,,
Miscellaneous,Skaters,Beginner,None,,,
Miscellaneous,Squat Curl and Press,Intermediate,Dumbbells,,,
Miscellaneous,Squat Shoulder Press and Twist,Intermediate,Dumbbells,,,
Miscellaneous,Star Spangled Switch,Beginner,None,,,
Miscellaneous,Toe Touch Drill,Beginner,None,,,
Neck,Lying Face Down Plate Neck Resistance,Intermediate,Weight Plate,,,
Neck,Lying Face Up Plate Neck Resistance,Intermediate,Weight Plate,,,
Plyometrics,Box Jump,Beginner,Box,,,
Plyometrics,Box Jump (Multiple Response),Beginner,Box,,,
Plyometrics,Box Step Off with Vertical Jump,Advanced,Box,,,
Plyometrics,Burpee Box Jump Over,Advanced,Box,,,
Plyometrics,Knee Tuck Jump,Beginner,None,,,
Plyometrics,Side To Side Box Shuffle,Beginner,Box,,,
Plyometrics,Single Leg Box Jump,Advanced,Box,,,
Plyometrics,Standing Long Jump,Beginner,None,,,
Plyometrics,Step Platform Side To Side,Intermediate,Bench,,,
Quadriceps,Air Squat,Beginner,None,,,
Quadriceps,Alien Squat,Beginner,None,,,
Quadriceps,Assisted Lunges,Beginner,None,,,
Quadriceps,Barbell Bench Step Up,Intermediate,Barbell,,,
Quadriceps,Barbell Box Squat,Intermediate,Barbell,,,
Quadriceps,Barbell Box Step Ups,Intermediate,"Barbell, Box",,,
Quadriceps,Barbell Front Squat,Advanced,Barbell,,,
Quadriceps,Barbell Full Squat,Intermediate,Barbell,,,
Quadriceps,Barbell Hack Squat,Intermediate,Barbell,,,
Quadriceps,Barbell In Place Split Squat,Intermediate,Barbell,,,
Quadriceps,Barbell Lateral Step Up,Intermediate,Barbell,,,
Quadriceps,Barbell Lunge,Intermediate,Barbell,,,
Quadriceps,Barbell Reverse Lunge,Beginner,Barbell,,,
Quadriceps,Barbell Side Lunge,Beginner,Barbell,,,
Quadriceps,Barbell Single Leg Split Squat,Advanced,Barbell,,,
Quadriceps,Barbell Squat,Beginner,Barbell,,,
Quadriceps,Barbell Squat Clean and Press,Advanced,Barbell,,,
Quadriceps,Barbell Thruster,Intermediate,Barbell,,,
Quadriceps,Barbell Walking Lunge,Beginner,Barbell,,,
Quadriceps,Bear Crawl Sled Drags,Beginner,Other,,,
Quadriceps,Bench Step Up,Beginner,Bench,,,
Quadriceps,Bodyweight Lunge,Beginner,None,,,
Quadriceps,Bodyweight Reverse Lunge,Beginner,None,,,
Quadriceps,Bodyweight Squat,Beginner,None,,,
Quadriceps,Bosu Squat,Advanced,Bosu,,,
Quadriceps,Box Squat With Bands,Advanced,Barbell,,,
Quadriceps,Bulgarian Split Squat,Advanced,Barbell,,,
Quadriceps,Cable Hip Flexion,Intermediate,Cable,,,
Quadriceps,Cable Split Squat,Beginner,Cable,,,
Quadriceps,Cable Standing Leg Extension,Beginner,Cable,,,
Quadriceps,Chair Squat,Beginner,Machine,,,
Quadriceps,Clean Complex: Floor,Advanced,Barbell,,,
Quadriceps,Clean Complex:  Knee,Advanced,Barbell,,,
Quadriceps,Clean Complex: Hip Clean,Advanced,Barbell,,,
Quadriceps,Clean From Blocks,Advanced,Barbell,,,
Quadriceps,Crossover Squats,Intermediate,None,,,
Quadriceps,Depth Jump Leap,Beginner,Box,,,
Quadriceps,Double Kettlebell Clean to Split Jerk,Advanced,Kettlebell,,,
Quadriceps,Double Kettlebell Overhead Walking Lunge,Advanced,Kettlebell,,,
Quadriceps,Double Kettlebell Push Press,Intermediate,Kettlebell,,,
Quadriceps,Double Kettlebell Squat Push Press,Advanced,Kettlebell,,,
Quadriceps,Double Leg Butt Kick,Beginner,None,,,
Quadriceps,Dumbbell Bulgarian Split Squat,Intermediate,Dumbbells,,,
Quadriceps,Dumbbell Goblet Squat,Beginner,Dumbbells,,,
Quadriceps,Dumbbell In Place Split Squat,Beginner,Dumbbells,,,
Quadriceps,Dumbbell Lateral Step Up,Intermediate,Dumbbells,,,
Quadriceps,Dumbbell Lunges,Beginner,Dumbbells,,,
Quadriceps,Dumbbell Rear Lunge,Intermediate,Dumbbells,,,
Quadriceps,Dumbbell Reverse Lunge,Beginner,Dumbbells,,,
Quadriceps,Dumbbell Seated Box Jump,Intermediate,Dumbbells,,,
Quadriceps,Dumbbell Side Lunge,Beginner,Dumbbells,,,
Quadriceps,Dumbbell Single Leg Split Squat,Beginner,Dumbbells,,,
Quadriceps,Dumbbell Squat,Beginner,Dumbbells,,,
Quadriceps,Dumbbell Stationary Lunges,Intermediate,Dumbbells,,,
Quadriceps,Dumbbell Step Down,Intermediate,Dumbbells,,,
Quadriceps,Dumbbell Step Up,Intermediate,Dumbbells,,,
Quadriceps,Dumbbell Walking Lunge,Beginner,Dumbbells,,,
Quadriceps,Freehand Jump Squat,Intermediate,None,,,
Quadriceps,Front Squats With Two Kettlebells,Intermediate,Kettlebell,,,
Quadriceps,Hack Squat,Beginner,Machine,,,
Quadriceps,Half Pistol Squat,Intermediate,None,,,
Quadriceps,Hang Clean Below Knee,Advanced,Barbell,,,
Quadriceps,Hang Power Clean,Advanced,Barbell,,,
Quadriceps,Jefferson Squat,Intermediate,Barbell,,,
Quadriceps,Jerk Dip Squat,Intermediate,Barbell,,,
Quadriceps,Kettlebell Clean Step Back,Advanced,None,,,
Quadriceps,Kettlebell Goblet Squat,Beginner,Kettlebell,,,
Quadriceps,Kettlebell Squat Thruster,Advanced,Kettlebell,,,
Quadriceps,Kettlebell Squats,Beginner,Kettlebell,,,
Quadriceps,Kettlebell Sumo Squat,Intermediate,Kettlebell,,,
Quadriceps,Kettlebell Walking Lunges,Intermediate,Kettlebell,,,
Quadriceps,Landmine Squat,Intermediate,None,,,
Quadriceps,Landmine Squat Bar on Shoulder,Intermediate,Landmine,,,
Quadriceps,Leg Extension Machine,Beginner,Machine,,,
Quadriceps,Leg Press,Beginner,Machine,,,
Quadriceps,Machine Leg Press,Beginner,Machine,,,
Quadriceps,Machine Squat,Intermediate,Machine,,,
Quadriceps,Monster Walk Side Squat,Intermediate,None,,,
Quadriceps,Mountain Climbers,Beginner,None,,,
Quadriceps,Narrow Stance Hack Squats,Intermediate,Machine,,,
Quadriceps,Narrow Stance Squats,Intermediate,Barbell,,,
Quadriceps,Olympic Squat,Intermediate,Barbell,,,
Quadriceps,Overhead Barbell Squat,Advanced,Barbell,,,
Quadriceps,Plate Walking Lunges,Beginner,Weight Plate,,,
Quadriceps,Plie Squats,Beginner,Dumbbells,,,
Quadriceps,Resistance Band Side Squats,Beginner,Resistance Band,,,
Quadriceps,Reverse Squat Press Squat,Intermediate,None,,,
Quadriceps,Reverse Tri Lunge,Intermediate,None,,,
Quadriceps,Rocket Jump,Beginner,None,,,
Quadriceps,Rolling Squat,Advanced,None,,,
Quadriceps,Scissors Jump,Beginner,None,,,
Quadriceps,Side Lunge,Beginner,None,,,
Quadriceps,Side Squats,Beginner,None,,,
Quadriceps,Single Leg Barbell Step-ups,Advanced,None,,,
Quadriceps,Single Leg Box Squat,Intermediate,Box,,,
Quadriceps,Single Leg Leg Press,Intermediate,Machine,,,
Quadriceps,Single Leg Push-Off,Beginner,Box,,,
Quadriceps,Single Leg Reverse Squat,Advanced,None,,,
Quadriceps,Single-Leg High Box Squat,Beginner,Box,,,
Quadriceps,Smith Hack Squat,Intermediate,Smith Machine,,,
Quadriceps,Smith Machine Leg Press,Intermediate,Smith Machine,,,
Quadriceps,Smith Machine Rear Lunge,Beginner,Smith Machine,,,
Quadriceps,Smith Single Leg Split Squat,Beginner,Smith Machine,,,
Quadriceps,Smith Single Leg Tucked Squat,Intermediate,Smith Machine,,,
Quadriceps,Smith Wide Squat,Beginner,Smith Machine,,,
Quadriceps,Split Jerk,Intermediate,Barbell,,,
Quadriceps,Squat Jumps,Beginner,None,,,
Quadriceps,Squat Thrusts,Intermediate,None,,,
Quadriceps,Squat With Chains,Intermediate,Barbell,,,
Quadriceps,Stability Ball Wall Squat,Beginner,Stability Ball,,,
Quadriceps,Stairmaster,Intermediate,Machine,,,
Quadriceps,Star Jacks,Intermediate,None,,,
Quadriceps,Suitcase Deadlift,Advanced,Barbell,,,
Quadriceps,Sumo Squats with Dumbbell,Beginner,Dumbbells,,,
Quadriceps,Suspended TRX Single Leg Squat,Intermediate,TRX,,,
Quadriceps,Suspended TRX Split Squat,Intermediate,TRX,,,
Quadriceps,Unstable Barbell Squat With Weights Hanging from Bands,Advanced,"Barbell, Resistance Band",,,
Quadriceps,Walking Prisoner Lunge,Beginner,None,,,
Quadriceps,Wall Ball Squat,Intermediate,Medicine Ball,,,
Quadriceps,Wall Sits,Beginner,None,,,
Quadriceps,Weighted Bulgarian Split Squat,Advanced,Barbell,,,
Quadriceps,Weighted Jump Squat,Intermediate,Barbell,,,
Quadriceps,Weighted Side Step Overs on Box,Advanced,Box,,,
Quadriceps,Weighted Sissy Squat,Advanced,Barbell,,,
Quadriceps,Wide-Stance Barbell Squat,Beginner,Barbell,,,
Quadriceps,Zercher squat,Advanced,Barbell,,,
Shoulders,Alternating Cable Front Raise,Beginner,Cable,,,
Shoulders,Alternating Cable Shoulder Press,Beginner,Cable,,,
Shoulders,Alternating Deltoid Raise,Beginner,Dumbbells,,,
Shoulders,Alternating Kettlebell Press,Intermediate,Kettlebell,,,
Shoulders,Alternating Vertical Wave Battle Ropes,Intermediate,Battle Rope,,,
Shoulders,Anti-Gravity Press,Beginner,Barbell,,,
Shoulders,Arnold Press,Intermediate,Dumbbells,,,
Shoulders,Barbell Clean and Jerk,Advanced,Barbell,,,
Shoulders,Barbell Front Raise,Beginner,Barbell,,,
Shoulders,Barbell Lying Rear Delt Row,Beginner,Barbell,,,
Shoulders,Barbell Rear Delt Raise,Intermediate,Barbell,,,
Shoulders,Barbell Rear Delt Row,Beginner,Barbell,,,
Shoulders,Barbell Upright Row,Beginner,Barbell,,,
Shoulders,Battling Ropes,Beginner,Battle Rope,,,
Shoulders,Bent Over Dumbbell Rear Delt Raise With Head On Bench,Beginner,Dumbbells,,,
Shoulders,Bent Over Low-Pulley Side Lateral,Beginner,Cable,,,
Shoulders,Bradford/Rocky Presses,Beginner,Barbell,,,
Shoulders,Cable External Rotations,Beginner,Cable,,,
Shoulders,Cable Face Pulls,Intermediate,Cable,,,
Shoulders,Cable Internal Rotations,Beginner,Cable,,,
Shoulders,Cable Lateral Shoulder Raise Bilateral,Beginner,Cable,,,
Shoulders,Cable Reverse Fly,Beginner,Cable,,,
Shoulders,Cable Rope Rear-Delt Rows,Beginner,Cable,,,
Shoulders,Cable Shoulder Press,Beginner,Cable,,,
Shoulders,Cable Shoulder Press Behind Neck,Intermediate,Cable,,,
Shoulders,Cable Single-Arm Lateral Raise,Beginner,Cable,,,
Shoulders,Cable Twisting Overhead Press,Intermediate,Cable,,,
Shoulders,Cable Upright Row,Intermediate,Cable,,,
Shoulders,Cable Y Raise,Intermediate,Cable,,,
Shoulders,Cable Y Raise with Rope,Intermediate,Cable,,,
Shoulders,Car Drivers,Beginner,Barbell,,,
Shoulders,Cuban Press,Intermediate,Dumbbells,,,
Shoulders,Dumbbell Bent Over Raise,Beginner,Dumbbells,,,
Shoulders,Dumbbell Front Raises,Beginner,Dumbbells,,,
Shoulders,Dumbbell Incline Lateral Raise,Beginner,Dumbbells,,,
Shoulders,Dumbbell Incline Prone Front Raise,Beginner,Dumbbells,,,
Shoulders,Dumbbell Lateral Raise,Beginner,Dumbbells,,,
Shoulders,Dumbbell Lying Lateral Raise,Beginner,Dumbbells,,,
Shoulders,Dumbbell Lying Single-Arm Rear Lateral Raise,Intermediate,Dumbbells,,,
Shoulders,Dumbbell Rear Delt Row,Beginner,Dumbbells,,,
Shoulders,Dumbbell Shoulder Raise,Beginner,Dumbbells,,,
Shoulders,Dumbbell Side Lateral Raise,Beginner,Dumbbells,,,
Shoulders,Dumbbell Single-Arm Lateral Raise,Beginner,Dumbbells,,,
Shoulders,Dumbbell Upright Row,Beginner,Dumbbells,,,
Shoulders,External Rotation,Beginner,Dumbbells,,,
Shoulders,Front Cable Raise,Beginner,Cable,,,
Shoulders,Front Dumbbell Raise,Beginner,Dumbbells,,,
Shoulders,Handstand Push-ups,Advanced,None,,,
Shoulders,Incline Dumbbell Rear Lateral Raise,Intermediate,Dumbbells,,,
Shoulders,Internal Rotation With Band,Beginner,Resistance Band,,,
Shoulders,Iron Cross,Intermediate,Dumbbells,,,
Shoulders,Kettlebell Stability Press,Advanced,Kettlebell,,,
Shoulders,Kettlebell Thruster,Intermediate,Kettlebell,,,
Shoulders,Kettlebell Turkish Get-Up (Lunge Style),Intermediate,Kettlebell,,,
Shoulders,Kettlebell Turkish Get-Up (Squat Style),Intermediate,Kettlebell,,,
Shoulders,Kipping Handstand Push-ups,Advanced,Wall,,,
Shoulders,Kneeling Front Raise Plate,Beginner,None,,,
Shoulders,Landmine Press,Beginner,Barbell,,,
Shoulders,Landmine Squat to One Arm Overhead Press,Intermediate,"Barbell, Landmine",,,
Shoulders,Leaning Single-Arm Dumbbell Lateral Raise,Intermediate,Dumbbells,,,
Shoulders,Leverage Shoulder Press,Beginner,Machine,,,
Shoulders,Low Pulley Row To Neck,Beginner,Cable,,,
Shoulders,Lying Lateral Side Raises Incline Bench,Beginner,Dumbbells,,,
Shoulders,Lying Rear Delt Raise,Intermediate,Dumbbells,,,
Shoulders,Military Press,Advanced,Barbell,,,
Shoulders,Overhead Front Raise With Plate,Intermediate,Weight Plate,,,
Shoulders,Plate Front Raises,Intermediate,Weight Plate,,,
Shoulders,Power Clean,Advanced,Barbell,,,
Shoulders,Push Press,Advanced,Barbell,,,
Shoulders,Rear Delt Fly Resistance Band,Beginner,Resistance Band,,,
Shoulders,Rear Delt Single Side Cable Fly,Beginner,None,,,
Shoulders,Resistance Band Cobra,Beginner,Resistance Band,,,
Shoulders,Resistance Band Pull Aparts,Beginner,Resistance Band,,,
Shoulders,Resistance Band Reverse Fly,Beginner,Resistance Band,,,
Shoulders,Reverse Flyes,Beginner,Dumbbells,,,
Shoulders,Reverse Flyes Machine,Beginner,Machine,,,
Shoulders,Reverse Flyes With External Rotation,Intermediate,Dumbbells,,,
Shoulders,Seated Barbell Overhead Press (Shoulder Press),Intermediate,Barbell,,,
Shoulders,Seated Bent-Over Rear Delt Raise,Intermediate,Dumbbells,,,
Shoulders,Seated Cable Shoulder Press,Beginner,Cable,,,
Shoulders,Seated Dumbbell Incline Prone Front Raise,Intermediate,Dumbbells,,,
Shoulders,Seated Dumbbell Shoulder Press,Beginner,"Bench, Dumbbells",,,
Shoulders,Seated Dumbbell Shoulder Press - No Back,Beginner,"Bench, Dumbbells",,,
Shoulders,Seated Dumbbell Side Lateral Raise,Beginner,"Bench, Dumbbells",,,
Shoulders,Seated Smith Machine Behind-the-Neck Overhead Press (Shoulder Press),Intermediate,Smith Machine,,,
Shoulders,Shoulder Press Machine,Beginner,Machine,,,
Shoulders,Side Laterals To Front Raise,Beginner,Dumbbells,,,
Shoulders,Simultaneous Horizontal Wave Battle Ropes,Intermediate,Battle Rope,,,
Shoulders,Simultaneous Vertical Wave Battle Rope,Intermediate,Battle Rope,,,
Shoulders,Single Arm Dumbbell Upright Row,Intermediate,Dumbbells,,,
Shoulders,Single Arm Incline Raise,Beginner,"Bench, Dumbbells",,,
Shoulders,Single Arm Shoulder Press Dumbbell,Intermediate,Dumbbells,,,
Shoulders,Single Arm Vertical Wave Battle Ropes,Intermediate,Battle Rope,,,
Shoulders,Single Dumbbell Raise,Beginner,Dumbbells,,,
Shoulders,Single Side Cable Shoulder Press,Intermediate,None,,,
Shoulders,Single-Arm Incline Lat Raise,Beginner,Dumbbells,,,
Shoulders,Single-Arm Kettlebell Push Press,Intermediate,Kettlebell,,,
Shoulders,Single-Arm Kettlebell Snatch,Advanced,Kettlebell,,,
Shoulders,Single-Arm Linear Jammer,Intermediate,Barbell,,,
Shoulders,Single-Arm Side Laterals,Beginner,Dumbbells,,,
Shoulders,Smith Machine Overhead Shoulder Press,Beginner,Smith Machine,,,
Shoulders,Smith Shoulder Press,Beginner,Smith Machine,,,
Shoulders,Smith Upright Row,Beginner,Smith Machine,,,
Shoulders,Snatch-Grip Behind-The-Neck Overhead Press,Intermediate,Barbell,,,
Shoulders,Standing Alternating Dumbbell Press,Beginner,Dumbbells,,,
Shoulders,Standing Arnold Press,Intermediate,Dumbbells,,,
Shoulders,Standing Barbell Overhead Press (Shoulder Press),Beginner,Barbell,,,
Shoulders,Standing Bradford Press,Beginner,Barbell,,,
Shoulders,Standing Dumbbell Cobra,Beginner,Dumbbells,,,
Shoulders,Standing Dumbbell Front Delt Raise Above Head,Intermediate,Dumbbells,,,
Shoulders,Standing Dumbbell Press,Beginner,Dumbbells,,,
Shoulders,Standing Dumbbell Shoulder Press,Intermediate,Dumbbells,,,
Shoulders,Standing Palm-In Single-Arm Dumbbell Press,Beginner,Dumbbells,,,
Shoulders,Standing Palms-In Dumbbell Press,Intermediate,Dumbbells,,,
Shoulders,Standing Two-Arm Kettlebell Overhead Press (Shoulder Press),Intermediate,Kettlebell,,,
Shoulders,Straight Raises On Incline Bench,Beginner,"Barbell, Bench",,,
Shoulders,Suspended TRX Front Raise,Intermediate,TRX,,,
Shoulders,Suspended TRX Rear Delt Row,Intermediate,TRX,,,
Shoulders,Suspended TRX Reverse Fly,Intermediate,TRX,,,
Shoulders,Svend Press,Intermediate,None,,,
Shoulders,T Bar Rear Delt Row,Beginner,Machine,,,
Shoulders,T Raises,Beginner,Dumbbells,,,
Shoulders,Wall Angels,Beginner,None,,,
Shoulders,Wall Walks,Advanced,None,,,
Stretching,Advanced IT Band Stretch,Intermediate,None,,,
Stretching,Camel Bridge,Intermediate,None,,,
Stretching,Camel Stretch,Beginner,None,,,
Stretching,Cat Stretch,Beginner,None,,,
Stretching,Childs Pose,Beginner,None,,,
Stretching,Gluteal and Outer Thigh Stretch,Beginner,None,,,
Stretching,Hamstring Stretch w/ Band,Beginner,Resistance Band,,,
Stretching,Inner thigh squat stretch,Intermediate,None,,,
Stretching,Knee Hug to Quad Stretch,Beginner,None,,,
Stretching,Leaning Single-Leg Calf Stretch,Beginner,None,,,
Stretching,Lying Abs Stretch,Beginner,None,,,
Stretching,Lying Double Knee Hug,Beginner,None,,,
Stretching,Lying Hamstring Stretch,Beginner,None,,,
Stretching,Lying Hip \& Glute Hug,Beginner,None,,,
Stretching,Lying Hip \& Glute Stretch,Beginner,None,,,
Stretching,Lying Single Leg Hug,Beginner,None,,,
Stretching,Neck Stretch,Beginner,None,,,
Stretching,Seated Advanced Modified Hurdler Stretch,Intermediate,None,,,
Stretching,Seated Butterfly Stretch,Beginner,None,,,
Stretching,Seated Cross-Legged Forward Bend,Beginner,None,,,
Stretching,Seated Forward Bend,Beginner,None,,,
Stretching,Seated Hip and Glute Stretch,Beginner,None,,,
Stretching,Seated Modified Hurdler Stretch,Beginner,None,,,
Stretching,Seated Side Hurdler Stretch,Beginner,None,,,
Stretching,Side Mermaid Stretch,Intermediate,None,,,
Stretching,Side Wrist Pull,Beginner,None,,,
Stretching,Single-Leg Calf Stretch with Wall,Beginner,None,,,
Stretching,Standing Advanced Forward Bend,Intermediate,None,,,
Stretching,Standing Advanced Hamstring Stretch,Intermediate,None,,,
Stretching,Standing IT Band Stretch,Intermediate,None,,,
Stretching,Standing Modified Forward Bend,Beginner,None,,,
Stretching,Standing Modified Hamstring Stretch,Beginner,None,,,
Stretching,Standing Quad Stretch,Beginner,None,,,
Stretching,Standing Shoulder Stretch,Beginner,None,,,
Stretching,Standing Triceps Stretch,Beginner,None,,,
Stretching,Standing Wrist/Biceps Stretch,Beginner,None,,,
Stretching,Standing Wrist/Forearm Stretch,Beginner,None,,,
Stretching,Stretching,Beginner,None,,,
Stretching,Torso Stretch,Beginner,None,,,
Stretching,Triangle Pose,Intermediate,None,,,
Stretching,Upward Dog,Intermediate,None,,,
Stretching,Wide-Leg Advanced Forward Bend,Intermediate,None,,,
Stretching,Wide-Leg Advanced Hamstring Stretch,Intermediate,None,,,
Stretching,Wide-Leg Modified Forward Bend,Beginner,None,,,
Stretching,Wide-Leg Modified Hamstring Stretch,Beginner,None,,,
Traps,Barbell Shrug,Beginner,Barbell,,,
Traps,Calf-Machine Shoulder Shrug,Beginner,Machine,,,
Traps,Hex Bar / Trap Bar Deadlift,Intermediate,Hex Bar / Trap Bar,,,
Traps,Leverage Shrug,Beginner,Machine,,,
Traps,Seated Dumbbell Shrugs,Beginner,"Bench, Dumbbells",,,
Traps,Shrugs,Beginner,Dumbbells,,,
Traps,Shrugs Behind the Back Smith Machine,Beginner,Smith Machine,,,
Traps,Standing Smith Machine Shrugs,Beginner,Smith Machine,,,
Triceps,Assisted Triceps Dips,Beginner,Machine,,,
Triceps,Band Skull Crusher,Beginner,"Bench, Resistance Band",,,
Triceps,Barbell Close Grip Bench Press,Beginner,"Barbell, Bench",,,
Triceps,Barbell Floor Press,Intermediate,Barbell,,,
Triceps,Barbell JM Press,Beginner,"Barbell, Bench",,,
Triceps,Body Triceps Press,Beginner,None,,,
Triceps,Body-Up,Beginner,None,,,
Triceps,Cable Bent over Triceps Extension,Beginner,Cable,,,
Triceps,Cable Incline Triceps Extension,Beginner,"Bench, Cable",,,
Triceps,Cable Incline Triceps Pushdown,Beginner,"Bench, Cable",,,
Triceps,Cable Kneeling Triceps Extension,Intermediate,"Bench, Cable",,,
Triceps,Cable Lying Triceps Extension Bar,Beginner,"Bench, Cable",,,
Triceps,Cable Lying Triceps Extension Rope,Beginner,"Bench, Cable",,,
Triceps,Cable Rope Overhead Triceps Extension,Beginner,Cable,,,
Triceps,Cable Single Arm Triceps Pushdowns,Beginner,Cable,,,
Triceps,Cable Single-Arm Triceps Extension,Beginner,Cable,,,
Triceps,Cable Triceps Rope Pushdown,Beginner,Cable,,,
Triceps,Chain Handle Extension,Intermediate,"Bench, Other",,,
Triceps,Close Hands Touching Push-ups,Intermediate,None,,,
Triceps,Close-Grip Dumbbell Press,Beginner,"Bench, Dumbbells",,,
Triceps,Close-Grip Ez-Bar Press,Beginner,"Barbell, Bench",,,
Triceps,Cobra Triceps Extension,Intermediate,None,,,
Triceps,Decline Close-Grip Bench To Skull Crusher,Intermediate,"Barbell, Bench",,,
Triceps,Decline Dumbbell Triceps Extension,Beginner,"Bench, Dumbbells",,,
Triceps,Decline Ez Bar Triceps Extension,Beginner,"Barbell, Bench",,,
Triceps,Diamond Push-ups,Intermediate,None,,,
Triceps,Dip Machine,Beginner,Machine,,,
Triceps,Double Cable Pressdown,Intermediate,Cable,,,
Triceps,Dumbbell Floor Press,Intermediate,Dumbbells,,,
Triceps,Dumbbell Lying Triceps Extension,Intermediate,"Bench, Dumbbells",,,
Triceps,Dumbbell Single-Arm Triceps Extension,Intermediate,Dumbbells,,,
Triceps,Lying Close-Grip Barbell Triceps Extension,Beginner,"Barbell, Bench",,,
Triceps,Lying Close-Grip Barbell Triceps Press To Chin,Intermediate,"Barbell, Bench",,,
Triceps,Lying EZ-Bar Triceps Extension (Skullcrusher),Beginner,"Barbell, Bench",,,
Triceps,Reverse Grip Triceps Pushdown,Beginner,Cable,,,
Triceps,Reverse Triceps Bench Press,Intermediate,"Barbell, Bench",,,
Triceps,Seated Barbell Triceps Extension,Beginner,"Barbell, Bench",,,
Triceps,Seated Bent-Over Two-Arm Dumbbell Triceps Extension,Intermediate,"Bench, Dumbbells",,,
Triceps,Seated Triceps Overhead Extension,Beginner,"Bench, Dumbbells",,,
Triceps,Single Arm Overhead Extension Dumbbell,Beginner,Dumbbells,,,
Triceps,Single-Arm Pronated Dumbbell Triceps Extension,Beginner,"Bench, Dumbbells",,,
Triceps,Single-Arm Supinated Dumbbell Triceps Extension,Beginner,"Bench, Dumbbells",,,
Triceps,Smith Machine Close Grip Bench Press,Beginner,Smith Machine,,,
Triceps,Standing Barbell Tricep Kickback,Intermediate,Barbell,,,
Triceps,Standing Bent-Over Dumbbell Triceps Extension,Beginner,Dumbbells,,,
Triceps,Standing Low-Pulley Single-Arm Triceps Extension,Intermediate,Cable,,,
Triceps,Standing Overhead Barbell Triceps Extension,Beginner,Barbell,,,
Triceps,Standing Overhead Dumbbell Triceps Extension,Beginner,Dumbbells,,,
Triceps,Supine Medicine Ball Chest Throw,Beginner,Medicine Ball,,,
Triceps,Suspended TRX Self Assisted Triceps Dips,Intermediate,TRX,,,
Triceps,Suspended TRX Triceps Dip,Advanced,TRX,,,
Triceps,Suspended TRX Triceps Extensions,Intermediate,TRX,,,
Triceps,Tate Press,Intermediate,"Bench, Dumbbells",,,
Triceps,Triceps Bench Dips,Beginner,Bench,,,
Triceps,Triceps Dips,Intermediate,Equalizer,,,
Triceps,Triceps Kickbacks,Beginner,"Bench, Dumbbells",,,
Triceps,Triceps Overhead Extension With Rope,Beginner,Cable,,,
Triceps,Triceps Pushdown - Straight Bar,Beginner,Cable,,,
Triceps,Triceps Pushdown - V Bar,Beginner,Cable,,,
Triceps,TRX Dip,Advanced,TRX,,,
Triceps,Weighted Bench Dip,Intermediate,"Bench, Weight Plate",,,